danceability,energy,key,loudness,speechiness,acousticness,instrumentalness,liveness,valence,tempo,title,duration,track_uri,clusterId
0.627,0.824,1,-3.419,0.118,0.0699,6.57e-05,0.31,0.774,169.935,怪物,206000,spotify:track:06XQvnJb53SUYmlWIhUXUi,0
0.585,0.91,5,-3.703,0.0917,0.0138,0.0,0.19,0.602,92.591,廻廻奇譚,221426,spotify:track:5MVjxslIF7mVtYo75Nk445,2
0.561,0.667,8,-8.519,0.0652,0.0539,0.0,0.0797,0.383,100.047,0 (zero),217807,spotify:track:3CYfCp9XAHc69wtCKTwMaj,2
0.544,0.979,4,-2.8,0.153,0.00336,0.000116,0.0775,0.31,135.001,紅蓮華,238587,spotify:track:1hFsEbHxsfflhLEPCq5tzk,0
0.305,0.252,4,-13.541,0.0419,0.395,0.0127,0.171,0.127,128.015,歌よ,238412,spotify:track:5dy1QO156l2ct1MVPzc8px,1
0.592,0.54,8,-11.249,0.0587,0.692,0.00187,0.0965,0.354,111.955,One Last Kiss,252027,spotify:track:5RhWszHMSKzb7KiXk4Ae0M,2
0.403,0.723,7,-4.609,0.0339,0.0422,7.48e-06,0.374,0.441,75.989,Oz.,194274,spotify:track:2VRcLEvQCMByWBuvM9gaJ2,4
0.536,0.966,6,-2.929,0.0558,0.121,0.0,0.0477,0.849,152.076,ブルーバード,217013,spotify:track:2aWtTHMBKdd6NfKT2GMfiK,2
0.477,0.685,2,-4.554,0.0325,0.105,0.0,0.277,0.308,152.04,炎,275000,spotify:track:0cSkn2l67csUljEy0EEBPn,4
0.648,0.904,6,-4.565,0.0786,0.0961,2.07e-06,0.0629,0.728,121.994,LOST IN PARADISE,327967,spotify:track:7kRKlFCFLAUwt43HWtauhX,2
0.592,0.894,11,-4.71,0.042,0.00358,5.32e-06,0.0721,0.642,100.026,Black Catcher,196947,spotify:track:2y7f8qkrgIqY5KsfPNcuix,2
0.529,0.931,4,-1.538,0.0581,0.00955,0.0,0.465,0.695,92.466,インフェルノ,212547,spotify:track:64yajM6CxtLghmgB53VeXT,4
0.651,0.913,9,-5.667,0.0384,0.0437,0.00133,0.311,0.736,120.028,U,187267,spotify:track:32H7fwKsaYtSl6qiXFI6I6,4
0.604,0.711,1,-6.674,0.0348,0.165,0.0,0.0872,0.286,127.892,Unity,246407,spotify:track:3YQoygT4wAXxvITZDvLAGx,2
0.564,0.688,5,-3.806,0.0551,0.255,0.0,0.322,0.457,156.082,モラトリアム,287385,spotify:track:5eHmOGj5szF3Pm9fHWVwuq,4
0.615,0.868,1,-3.571,0.105,0.0681,0.0,0.234,0.69,170.054,Monster,205000,spotify:track:7M9lc2hHXKQobbHQ31Yg2v,0
0.666,0.534,6,-7.286,0.0893,0.277,3.57e-05,0.179,0.617,100.0,PINK BLOOD,197084,spotify:track:39lq5gU4lPc0rYVaRo0stH,2
0.54,0.752,11,-5.212,0.0267,0.159,0.0,0.363,0.462,84.033,Eden,271520,spotify:track:7CZKnz9mEt8Z638tyY5cKL,4
0.504,0.38,6,-11.826,0.037,0.642,0.857,0.0697,0.0535,123.911,Call of Silence,178213,spotify:track:1fN2JjN9Sj2kOPJXLDovSe,3
0.599,0.932,11,-5.622,0.0407,0.00215,0.0,0.146,0.539,102.065,Black Rover,208300,spotify:track:04LCCxG3pbOYeENiyUc7Xb,2
0.56,0.952,1,-2.579,0.162,0.135,0.0,0.162,0.689,89.872,往け,228267,spotify:track:4cDm9C5jhBiIyYxVhQmMwB,0
0.674,0.727,0,-9.38,0.0469,0.0128,0.0135,0.282,0.652,119.994,U - English Version,183531,spotify:track:169YBmYRX0JNR3o4CJVWXY,4
0.367,0.896,11,-4.002,0.091,0.000627,0.0,0.207,0.38,170.863,残響散歌,184893,spotify:track:7v8wKvNQQIxkugCFFjrkaO,0
0.376,0.903,10,-4.454,0.0702,0.0292,0.0,0.308,0.371,165.859,海と真珠,280080,spotify:track:4dDBdgmfZxoLE8SR41RH70,4
0.598,0.611,11,-5.116,0.0227,0.231,0.0,0.152,0.452,82.98,Lucky Ending,255633,spotify:track:3ZYKbGJ6I5adT5ozf0N6OH,2
0.669,0.751,5,-5.447,0.0299,0.00483,0.0237,0.326,0.833,103.976,空と虚,223846,spotify:track:1YvLvyEHEUv6xuablK3kpj,4
0.468,0.753,4,-4.329,0.031,0.179,5.65e-06,0.148,0.18,155.929,Avid,250293,spotify:track:28QpCzFbTf09Jsj2zuz58t,2
0.585,0.714,4,-5.357,0.0397,0.0134,0.0,0.172,0.496,119.957,透明な世界,243628,spotify:track:6MjG6j8Iuea6XL9cp1aUec,2
0.389,0.867,1,-3.604,0.048,0.000303,0.0,0.347,0.215,94.952,明け星,269000,spotify:track:60iYkEAcSpAFcsjRrgTlrc,4
0.614,0.785,3,-5.15,0.0361,0.767,0.0,0.331,0.567,107.056,Dream on,246039,spotify:track:23ILMGaQXEuSQkflOcEJTz,4
0.491,0.879,6,-2.722,0.0652,0.391,0.0,0.342,0.571,160.092,光るなら,252133,spotify:track:2BlDX1yfT0ea5wo0vjCKKa,4
0.715,0.722,5,-4.62,0.0348,0.197,0.0,0.114,0.522,89.995,優しい彗星,215333,spotify:track:19fhOFi6pNGeZe5uiFlm7c,2
0.351,0.742,5,-4.09,0.0418,0.00594,1.54e-05,0.161,0.333,147.928,季路,352265,spotify:track:2JFrbjQNJSBPeUz2Pn4ZaY,2
0.55,0.828,1,-7.527,0.0487,0.168,0.000649,0.0928,0.242,134.012,Replica,211767,spotify:track:2cWXjk50iwkCaEesJUCm8f,2
0.486,0.791,5,-4.288,0.0435,0.0404,0.0,0.0814,0.337,94.053,Prologue,217701,spotify:track:3g7Fpu5Ii99ZfR4JytRSeI,2
0.572,0.727,11,-5.325,0.0389,0.127,0.0,0.127,0.365,140.058,絶体絶命,262706,spotify:track:62yZ21fqY3DIxXxV0vBdqP,2
0.58,0.484,0,-6.612,0.0543,0.113,0.0,0.202,0.327,74.873,Tell me,223187,spotify:track:0Q5iAvLaf5gPOXBdwn2xTI,2
0.389,0.867,1,-3.604,0.048,0.000303,0.0,0.347,0.215,94.952,明け星,269000,spotify:track:3J34JtfZNylVXSKN4TDf12,4
0.482,0.762,0,-4.371,0.0551,0.0175,3.47e-06,0.519,0.435,90.495,タクト,237500,spotify:track:7vFsMU7BORCrf7tZ4oTxlV,4
0.454,0.695,7,-4.143,0.0314,0.0186,0.0,0.0952,0.271,77.996,Ref:rain,290147,spotify:track:5Fl7lwRIxawx0KKkHjOrYv,2
0.422,0.67,4,-6.137,0.0586,0.0709,0.0,0.0944,0.551,170.19,生命線,255520,spotify:track:4Ut1yVtaTsq0Mp6F2V2yJC,2
0.507,0.808,6,-6.908,0.0535,0.0925,0.000152,0.0585,0.42,163.921,kIng,230827,spotify:track:11lbUUMW8T5MFpHTYLulmg,2
0.707,0.292,2,-9.767,0.0309,0.724,0.00235,0.235,0.637,80.016,嘘月,290467,spotify:track:4MwVirVMyerMiHkFomOZay,2
0.608,0.712,7,-4.47,0.0338,0.506,0.0,0.167,0.545,144.967,神無-KANNA-,288787,spotify:track:7e075JlKGuMFroDv7xev13,2
0.693,0.632,4,-4.52,0.026,0.702,0.0,0.0985,0.365,129.977,Again,293849,spotify:track:12ad0oPQaR6X6Jcoqz8rcz,2
0.504,0.526,0,-6.585,0.0339,0.468,9.62e-05,0.179,0.168,75.02,remember,350120,spotify:track:4LnRLsKhypMfOqExy6QanW,2
0.398,0.803,7,-3.224,0.0594,0.0255,0.0,0.0591,0.519,168.978,嘘じゃない,259600,spotify:track:47Old3TEOc2v4eOOv5pA6H,2
0.492,0.773,6,-3.574,0.0422,0.0197,0.0,0.0574,0.443,130.022,慈雨のくちづけ,239500,spotify:track:4Bamu5HdJivM0dhPTvuxyg,2
0.613,0.857,7,-5.272,0.0271,0.0686,7.93e-05,0.256,0.698,147.974,色香水,250792,spotify:track:7FpABRyv5TaZz0llkhjPgc,4
0.485,0.888,11,-3.326,0.0489,0.00277,1.16e-06,0.373,0.282,142.983,白銀,264667,spotify:track:0f5hcKLCRgpdVV424X4XDQ,4
0.708,0.721,1,-3.815,0.0718,0.049,0.0,0.0731,0.525,97.992,Hands Up to the Sky,212147,spotify:track:7kiWVIA95A2H7TMYSrA0b5,2
0.619,0.802,0,-6.618,0.0629,0.0831,0.0,0.361,0.535,109.982,BOY,231386,spotify:track:3oQaOjaIYPsnJbGNzXcIID,4
0.577,0.349,10,-6.049,0.032,0.885,2.45e-05,0.0777,0.409,129.952,星瞬~Star Wink~,342707,spotify:track:2GbqVrrJzEqVjMvRgbmBBG,2
0.597,0.895,8,-4.225,0.173,0.0463,0.0,0.299,0.498,134.985,EVERBLUE,241867,spotify:track:5RmtuRIe8FJg9FRegwCqzW,0
0.527,0.891,7,-1.511,0.0724,0.119,0.0,0.208,0.39,127.097,永遠に光れ (Everlasting Shine),191147,spotify:track:3zLCX1TGMpsA67cW2pq6ut,4
0.538,0.506,0,-8.687,0.0299,0.43,1.85e-05,0.37,0.428,88.004,透明,230146,spotify:track:6HM9odeh1TcxBlkghy69iO,4
0.497,0.947,7,-3.99,0.061,0.0351,1.33e-05,0.191,0.302,169.995,Tiny Light,290813,spotify:track:3nMWM6o4pD6lAkDRPdcqvh,4
0.477,0.954,5,-2.4,0.0729,0.00387,2.39e-06,0.386,0.455,87.434,Sing My Pleasure,289274,spotify:track:6wOazYrDGLhMAhwU6RArlg,4
0.649,0.832,5,-6.102,0.0388,0.00817,0.0,0.114,0.593,124.027,TWISTED HEARTS,261390,spotify:track:3Cr8kgUv66Gx8sT6g9DJ9n,2
0.613,0.604,11,-9.558,0.03,0.422,2.7e-05,0.113,0.326,91.01,A Promise,292320,spotify:track:7KvI1c4vmNOwEJlKVH3c6n,2
0.413,0.641,8,-4.087,0.033,0.138,1.1e-05,0.0859,0.112,143.843,Mother,429467,spotify:track:0GlejgfH8mrHTcJjqfcw6s,2
0.479,0.682,9,-4.109,0.0385,0.11,0.0,0.1,0.294,76.049,きみのうた,370387,spotify:track:2HJHRrQdNhU6c2gPh81t6a,2
0.626,0.758,5,-4.643,0.0436,0.0152,0.0,0.14,0.821,130.047,ないない,254093,spotify:track:2lD8rPegYoYC1WucU3vU1W,2
0.659,0.911,7,-4.418,0.0516,0.0557,0.0,0.112,0.527,129.988,世界は恋に落ちている,311293,spotify:track:3pCc4xUyz0IIOvrwBlGtDW,2
0.63,0.538,6,-7.059,0.0318,0.0871,0.0,0.0952,0.238,98.012,プリズム,238667,spotify:track:12ZIRTS8x9RBgasDg3q27J,2
0.484,0.66,1,-6.127,0.0285,0.164,0.0,0.252,0.442,150.103,最後の花弁 (The meaning of love),231170,spotify:track:1jRdam0Y2o2vVtvltJK0tH,4
0.412,0.885,2,-3.812,0.0578,0.00157,0.0,0.132,0.569,90.027,うらがわの存在,266227,spotify:track:6sz0Rbp0MbQDIZDz6p5a3O,2
0.318,0.902,1,-4.605,0.131,0.0116,0.0,0.393,0.437,199.844,Cry Baby,240285,spotify:track:7vBX6cVsCPFSx2C58hpZ4f,0
0.791,0.595,10,-8.58,0.0338,0.385,0.0,0.163,0.676,99.996,リセット,249845,spotify:track:0iOGDICJeFjwB6OHaa04WR,2
0.623,0.541,8,-8.495,0.0408,0.014,0.00616,0.106,0.338,127.979,Break,293520,spotify:track:4hWhNL4cLfhLrt4Un3pdMG,2
0.605,0.859,5,-4.436,0.175,0.495,7.71e-05,0.389,0.705,123.976,BAD CANDY,226095,spotify:track:3doxURNybgE4qvvItG1Qk4,0
0.523,0.67,4,-5.477,0.0286,0.0236,2.57e-05,0.124,0.337,89.974,Fluorite Eye's Song,344493,spotify:track:5PNDfkz1cslaAcC7fk9tGE,2
0.353,0.926,1,-3.827,0.149,0.00138,5.92e-05,0.234,0.157,162.046,from the edge,278656,spotify:track:1HXRps6gmF8yMZPsJ6n9Zk,0
0.609,0.634,1,-5.669,0.0297,0.134,0.0,0.0878,0.449,88.004,魔法,231956,spotify:track:0LL0hFBywgFHO89WSp00xW,2
0.52,0.682,2,-5.508,0.0632,0.0969,0.0,0.123,0.475,169.948,変わりゆくもの変わらないもの,261600,spotify:track:3u5ARrvauL1jRsZfOS0Fn0,2
0.558,0.86,10,-4.074,0.0305,0.00033,1.35e-06,0.107,0.177,139.959,標火,282000,spotify:track:35Jqe3J7c8A2R6T5XhpBK6,2
0.393,0.75,10,-4.582,0.0451,0.000538,0.0,0.267,0.531,198.068,aLIEz,268224,spotify:track:7tciSZq2IbazfaWU90mQwk,4
0.592,0.769,2,-5.268,0.0311,0.319,4.66e-06,0.137,0.385,102.033,ヒカレイノチ,322147,spotify:track:4uVvqoI2sWncxvqgwRZ1H9,2
0.587,0.545,1,-7.533,0.0265,0.0882,2.98e-06,0.0917,0.222,130.016,Lost Game,244854,spotify:track:2IP8yxZvYVXvaJAEEK1AIV,2
0.475,0.881,7,-1.846,0.0407,0.033,0.0,0.0513,0.582,180.05,Shout Baby,265987,spotify:track:3SNczkrn6bUm6zZM8i5XDe,2
0.399,0.838,11,-3.241,0.0455,0.0753,0.00123,0.151,0.327,176.009,世界の秘密,349373,spotify:track:22WF5vcNEN1KHd56QV8gsE,2
0.688,0.705,0,-6.58,0.0383,0.0972,0.0,0.215,0.361,128.037,BEAUTIFUL,230947,spotify:track:2qTBVFldq01eNa40hin4FV,2
0.648,0.515,3,-8.411,0.0281,0.506,0.00141,0.0596,0.742,165.928,HOME,291564,spotify:track:4FSejBjuCSqv0NsJskPShe,2
0.312,0.726,5,-3.953,0.0454,0.0393,1.5e-06,0.144,0.347,118.385,フリイジア,253373,spotify:track:6to6TiKkMz1o7fGyxw8se5,2
0.504,0.423,9,-8.345,0.028,0.525,0.015,0.133,0.435,121.026,遠くの子守の唄,257039,spotify:track:2eFOMxj2YfzxZP6u9OTsUm,2
0.403,0.629,9,-7.459,0.0434,0.191,5.47e-06,0.0857,0.262,159.897,Blessing,247200,spotify:track:4KfMPQprAixlYhs5BnVfKu,2
0.286,0.823,0,-4.084,0.051,0.166,0.0,0.378,0.532,200.159,Stranger,215698,spotify:track:2g3R8innEqjZN0et6hSbVY,4
0.422,0.896,11,-4.799,0.11,0.0333,0.0,0.227,0.26,175.032,DYING WISH,261649,spotify:track:0nm0bdksXzUJwJaB4pbCa9,0
0.653,0.871,6,-3.04,0.0451,0.122,0.0,0.215,0.597,99.95,結証,234746,spotify:track:3KIHXNKBeQCxDtgcyGYaB6,2
0.461,0.591,1,-5.838,0.0496,0.463,0.0,0.05,0.354,99.826,give it back,212477,spotify:track:6aHFdm58mPF4YPJX3FgI0z,2
0.504,0.584,5,-4.027,0.0328,0.382,0.0,0.0723,0.378,83.573,あなたがくれたヒカリ,273043,spotify:track:3NQD8vGjo6YSSzxSBz9uGg,2
0.625,0.94,1,-0.643,0.142,0.138,0.0,0.227,0.783,137.02,BANG!!!,196307,spotify:track:4o1s691Qn6lUmFh1Bl28NG,0
0.677,0.843,7,-4.016,0.0495,0.0162,0.0,0.342,0.752,97.473,窓を開けて,216800,spotify:track:4TwD0lFw27wyvl3ZmHV9Vi,4
0.69,0.423,2,-9.194,0.0294,0.883,0.0123,0.111,0.59,130.121,シンパシー,210760,spotify:track:4YYrqU4gvSMIk58wT7IhIa,2
0.592,0.786,6,-5.339,0.0296,0.0302,0.0,0.197,0.633,105.018,Reincarnate,247080,spotify:track:5osgKGvGB4ZEvkw406QxDr,2
0.564,0.721,0,-4.041,0.0343,0.219,0.0,0.138,0.396,100.964,through the dark,226173,spotify:track:65EY4frQ2VHOFL1lRblR3Q,2
0.562,0.832,6,-4.773,0.105,0.0104,0.0,0.366,0.361,145.969,"Thought I Knew ft. ra’z, Hayes",287000,spotify:track:49jXVAeqU0uf5taD4TNEar,0
0.527,0.776,8,-4.672,0.0625,0.104,3.95e-06,0.0812,0.159,92.923,この夢が醒めるまで,253080,spotify:track:7i6gJOOf0oDDYW9xOyVjmN,2
0.504,0.766,3,-3.722,0.0404,0.0513,0.0,0.103,0.328,174.103,CRY,265773,spotify:track:6MYk0grHaGj5c8Qargw2Dg,2
0.673,0.231,4,-15.543,0.0309,0.826,0.0712,0.12,0.432,143.891,YAMAZAKURA,291000,spotify:track:16sWvf8J80qCiiBUKpBLIN,2
0.561,0.686,6,-6.273,0.0473,0.267,0.0,0.137,0.22,89.97,悪魔の子,227680,spotify:track:2TVFbLCdzrX0RdhWNWJmdp,2
0.459,0.878,5,-1.399,0.0688,5.62e-05,0.000307,0.371,0.494,144.852,The Rumbling,220799,spotify:track:5JJKkuYGj99dfws5MiiJSR,4
0.204,0.708,1,-5.425,0.0458,0.442,0.0,0.319,0.278,83.443,逆夢,307667,spotify:track:6ZiEWet0uFRwWBCEKCQ8rY,4
0.689,0.638,0,-7.137,0.0403,0.0114,0.0,0.195,0.505,108.017,Dive Back In Time,169867,spotify:track:4ik2ylkYi7xBgx6C1suLTM,2
0.621,0.774,5,-5.551,0.0372,0.085,0.0,0.139,0.51,119.959,Your Name,217133,spotify:track:3yU4bAIj873n4QI2otkPO8,2
0.541,0.977,4,-2.828,0.157,0.00321,5.13e-05,0.0796,0.263,134.938,紅蓮華,237587,spotify:track:0qMip0B2D4ePEjBJvAtYre,0
0.335,0.92,1,-4.086,0.0986,0.00118,0.0,0.354,0.246,83.117,朝が来る,294933,spotify:track:6Mq4q5OIMO25vBsKpFdlnH,4
0.627,0.778,11,-3.985,0.0285,0.00469,1.97e-05,0.103,0.603,122.974,心海,266309,spotify:track:0FJ6h0nFIe3irtTsrtuevI,2
0.596,0.896,8,-3.874,0.177,0.0476,0.0,0.347,0.494,134.81,EVERBLUE,239493,spotify:track:2ifJEieMAeQqNM0edwhDqs,0
0.545,0.979,4,-2.8,0.153,0.00339,0.000118,0.0775,0.309,135.002,紅蓮華,238587,spotify:track:23DbzwNJSLo7nkSWjODMvY,0
0.497,0.947,7,-3.99,0.061,0.0351,1.33e-05,0.191,0.302,169.995,Tiny Light,290813,spotify:track:4ESyGBnHsW6VJRIFFrZ6Vj,4
0.497,0.947,7,-3.99,0.061,0.0351,1.33e-05,0.191,0.302,169.995,Tiny Light,290813,spotify:track:146aGkg9R4WHI9vxtwNdS9,4
0.346,0.901,1,-4.617,0.12,0.0103,0.0,0.358,0.434,199.934,Cry Baby,241680,spotify:track:6wDntdm888mDo458RaYjGl,0
0.782,0.638,10,-7.378,0.0343,0.322,0.0,0.185,0.581,99.988,リセット,249896,spotify:track:5DfC0daqjnz1iQlOmpv2ib,2
0.721,0.571,10,-8.075,0.0585,0.391,2.64e-05,0.104,0.473,79.957,OverThink,186923,spotify:track:0QLv8A8TpuUZNa3pXyIUDr,2
0.481,0.881,7,-1.829,0.0403,0.031,0.0,0.0561,0.577,180.001,Shout Baby,263827,spotify:track:7HGaPMu9N5yeXnlJy51sOb,2
0.685,0.83,0,-4.869,0.0626,0.0195,0.0,0.101,0.575,100.992,犬姫,185373,spotify:track:1O8Z5URYRvYs8O8Qo1Uuja,2
0.495,0.711,11,-4.165,0.0376,0.034,0.0,0.0745,0.252,85.886,Flare,234879,spotify:track:1qZC7gWAR5blkKT1DI4niR,2
0.474,0.881,7,-1.846,0.0398,0.033,0.0,0.0513,0.587,180.0,Shout Baby,265987,spotify:track:5j4GrEcK99AsgDspM9tCQ2,2
0.473,0.9,11,-3.073,0.0511,0.00209,0.0,0.0948,0.377,186.91,境界線,293825,spotify:track:48JYYEXKNZdXuDdZvkRvaQ,2
0.621,0.686,8,-4.89,0.0338,0.058,1.54e-05,0.0775,0.642,132.01,リナリア,231700,spotify:track:6CDwwQF6WjyiYf2YRwjtFk,2
0.448,0.719,4,-5.521,0.0262,0.0449,1.5e-06,0.202,0.399,175.991,Small world,322223,spotify:track:2E2Ax3uzsMRM1KbzSzHfB3,4
0.491,0.583,8,-6.092,0.027,0.429,0.0,0.111,0.25,81.06,Eureka (feat. kojikoji),316494,spotify:track:6vaMxuMCYQ717jJBEJ3BcC,2
0.275,0.782,10,-4.689,0.0467,0.0521,2.25e-06,0.331,0.154,131.744,Red Swan,263720,spotify:track:4GNMgGyZcgnE4nEdYFWJGn,4
0.586,0.652,1,-6.572,0.0343,0.154,0.00255,0.188,0.667,123.926,Answers,265333,spotify:track:0g3Nep5KmsTCCaw7GfWTKW,2
0.543,0.9,6,-4.067,0.0424,0.0727,4.65e-06,0.204,0.358,111.909,Missing Promise,257560,spotify:track:12J7XCZ4Hv4Rbg4Grkvp3Y,2
0.509,0.965,11,-3.007,0.129,0.257,0.0,0.4,0.755,97.006,我武者羅 (TV size),90000,spotify:track:2o6d0rAC9BAyPmgXnbXx1h,0
0.423,0.827,9,-3.392,0.0554,0.0646,0.0,0.203,0.469,144.027,Sincerely - English version,273363,spotify:track:73KPyKWmGRE3GwRrCUHmti,4
0.275,0.782,10,-4.689,0.0467,0.0521,2.25e-06,0.331,0.154,131.744,Red Swan,263720,spotify:track:0zvN9oq95bIEQjvfcdeZlX,4
0.822,0.694,0,-6.901,0.12,0.0433,0.000111,0.151,0.475,120.039,Move Mountains,171333,spotify:track:4zjLytFLyTRMAvresn1MBB,0
0.5,0.964,2,-4.19,0.124,0.00723,6.2e-05,0.0557,0.662,159.971,一途,190607,spotify:track:7ncPjJBktLEOpstY5JOUMK,0
0.415,0.932,1,-2.923,0.0588,0.00395,0.0,0.0168,0.535,92.534,Who are you?,209827,spotify:track:2jjtyENFrV2g4XocVqjUGi,2
0.784,0.574,6,-8.725,0.217,0.195,0.0,0.244,0.483,119.876,BAKU (CORSAK Remix) -Sakura Chill Beats Singles,139995,spotify:track:12Bkie1yk9RyGrscN6QUeQ,0
0.651,0.841,11,-6.29,0.118,0.153,7.35e-06,0.349,0.689,94.139,Kiss Me,218467,spotify:track:3oWLxV0LKV4z2gWUOsX5zJ,0
0.397,0.719,11,-6.609,0.0353,0.00862,0.0,0.163,0.472,184.038,燈,232533,spotify:track:5U5ZUDFkEDbErnxGUISDI5,2
0.671,0.76,8,-2.852,0.057,0.0639,0.0,0.124,0.796,107.007,ここで息をして,216672,spotify:track:1P1PgGMrzIVMju7TOqMGBy,2
0.53,0.822,2,-3.299,0.0371,0.00823,0.0,0.242,0.513,147.025,PAINT,208405,spotify:track:0n099xB2P5c2ZLDazd3dgr,4
0.555,0.66,2,-5.193,0.0531,0.228,0.0,0.215,0.786,177.999,インフィニティ,245853,spotify:track:3Gj9gaVfc3HHyqcIFaSa70,4
0.332,0.602,10,-4.494,0.0371,0.389,0.0,0.31,0.454,78.339,four,213307,spotify:track:5q0JLhzbWHNOOAXeUCI3mG,4
0.606,0.878,2,-1.742,0.197,0.0777,0.0106,0.318,0.601,170.097,シルエット (TOKYO MACHINE Remix) - Sakura Chill Beats Singles,209294,spotify:track:3BsvhBG7BATLlLWJ4AYtP3,0
0.572,0.955,7,-2.617,0.0626,0.0141,0.0,0.315,0.717,129.981,シンデレラ,212311,spotify:track:6ilTR3RpLCAHDt3Z6YuQGx,4
0.596,0.93,5,-3.285,0.0377,0.0681,0.0,0.304,0.7,112.983,カザニア,218473,spotify:track:2DwutGldROy1YEUZCHb5bj,4
0.566,0.952,2,-3.726,0.128,0.236,0.0,0.453,0.506,116.012,VOLTAGE,229920,spotify:track:1ochPJNz2afOUWuFKm18zm,0
0.537,0.952,1,-2.971,0.0806,0.117,0.0,0.145,0.705,97.437,Eclipse TV Size,92189,spotify:track:0Li6TqWifCK3kjIDZjNguu,2
0.461,0.423,4,-9.161,0.0369,0.486,0.00118,0.137,0.546,146.061,Grand Escape (Movie Edit) [feat. Toko Miura],188067,spotify:track:2cE5PbW9PhPmnyETXqH3VE,2
0.467,0.878,2,-4.518,0.0594,0.031,0.00208,0.0563,0.706,184.988,ケアレス,256040,spotify:track:3TOu6gUa0EXmbYth06kR3e,2
0.56,0.581,3,-5.407,0.0303,0.206,0.0,0.113,0.544,80.003,ハヅキ,279285,spotify:track:1pxUsWOISNeXFbZirtyj4y,2
0.715,0.885,7,-5.802,0.0436,0.0337,1.11e-06,0.223,0.779,134.986,モノクロシティ,254540,spotify:track:58zuwdJzxODln0rcx7lm44,4
0.583,0.552,9,-9.369,0.0348,0.675,0.241,0.146,0.375,83.924,ad meliora,216967,spotify:track:4rzw37fRwEoUDx7gulKKHN,2
0.687,0.743,1,-4.418,0.0319,0.193,9.93e-06,0.154,0.517,99.961,息を吸う ここで吸う 生きてく,191067,spotify:track:4IuiAmZd248MLAntebZFKo,2
0.493,0.907,1,-4.911,0.19,0.227,1.7e-05,0.136,0.596,185.959,Universe,286099,spotify:track:6KLaKHxwJE3CZECVJLH4cN,0
0.498,0.879,1,-4.3,0.057,0.0216,0.0,0.112,0.64,90.495,No.1,232907,spotify:track:3GIhgMadHu26VHLEeXviGD,2
0.539,0.66,10,-6.529,0.0355,0.00232,0.000598,0.149,0.163,104.937,NAMELY,247880,spotify:track:0ZfWNX0kP9ofAjmTkpVSzJ,2
0.616,0.972,3,-2.449,0.104,0.278,7.22e-05,0.346,0.611,133.041,オトメの心得,188880,spotify:track:3VlVicSANh9Rg1GPvcuPHM,0
0.511,0.806,7,-3.433,0.069,0.433,0.0,0.0965,0.552,102.07,salvation - Anime ver.,91240,spotify:track:79AU26qJdGVLPK31RsWy31,2
0.382,0.97,3,-2.417,0.115,0.00615,0.0,0.0851,0.125,113.956,Fire,271051,spotify:track:6YqdIunRScTuFBASJZpahU,0
0.601,0.64,8,-4.276,0.036,0.544,0.0,0.0832,0.345,99.989,Etoile,243055,spotify:track:6LgX94vnLQ4JZTMojQ3D30,2
0.495,0.878,1,-4.3,0.058,0.0216,0.0,0.186,0.621,90.492,No.1,230600,spotify:track:7b7QqKepv8wY6VopSmQqX8,2
0.429,0.447,7,-5.889,0.0388,0.506,0.0,0.0943,0.332,119.227,unlasting,295219,spotify:track:4sy8klhEbwqHc2od9K3p1h,2
0.362,0.826,11,-4.157,0.0548,0.000695,0.0,0.217,0.279,84.891,君が見た夢の物語,261627,spotify:track:3S53tu7z9QRZRE7KNW1kcV,4
0.532,0.932,5,-4.303,0.0522,0.0661,0.0,0.38,0.738,100.1,麻痺,198100,spotify:track:1LwSnnsoKcAUv9TPFEZ7iQ,4
0.378,0.231,5,-7.473,0.0292,0.894,7.85e-05,0.138,0.0737,84.982,祈りの唄,269260,spotify:track:1bdukq5Iu0S63kxAz5sAaU,1
0.517,0.882,2,-5.507,0.077,7.87e-05,0.0,0.336,0.342,103.003,Get up! Shout!,250118,spotify:track:2FTt8Qkc04fcRZzwDEsNrh,4
0.442,0.888,9,-5.747,0.121,0.0127,0.000727,0.2,0.435,163.032,裸の勇者,201973,spotify:track:3k64vNcgYPkETG7TNgpW4o,0
0.399,0.723,11,-4.507,0.0681,0.124,0.0,0.352,0.22,137.032,衝撃,181595,spotify:track:2GeK108DTmnSEfwwCR85mp,4
0.552,0.49,0,-6.315,0.0244,0.245,0.0,0.137,0.53,81.048,シオン,231618,spotify:track:26KOrgIIGuxWVmFJszeYJs,2
0.488,0.364,9,-9.769,0.0285,0.856,0.00747,0.133,0.749,84.108,ad meliora - acoustic mix,194707,spotify:track:2mRlUWybmhSECIrTIjuZyt,2
0.207,0.501,1,-11.318,0.0427,0.856,0.0746,0.157,0.499,143.857,auro nowe,243907,spotify:track:5sVyvlVKcWVxYvEdQISHqR,2
0.488,0.912,0,-3.731,0.045,0.00473,0.0,0.293,0.667,126.06,FOREVER,276360,spotify:track:3A29FbPw6xYGQBMhJJQjAi,4
0.635,0.667,6,-5.392,0.0253,0.207,0.0,0.108,0.261,96.003,打上花火,289335,spotify:track:7pcTLUekZJQnzDOUDuExVJ,2
0.625,0.729,0,-5.329,0.0797,0.037,0.0,0.0849,0.63,127.968,Phone Call,217720,spotify:track:5zRoJlHfzN7R6V5QeLdXz4,2
0.676,0.937,9,-3.545,0.083,0.17,6.35e-06,0.341,0.739,150.974,ばかじゃないのに,256440,spotify:track:2UkcZV07LP39NQg9tGBvnh,4
0.65,0.827,1,-3.321,0.0369,0.00212,0.0,0.107,0.62,107.016,THE ANSWER,226053,spotify:track:2TQRsVtJBQnD0y6rPRCIA1,2
0.472,0.898,11,-6.427,0.104,0.00388,6.23e-06,0.0764,0.383,145.072,降伏論,241453,spotify:track:31Plz4DOklCxq2Cr2Mm2hC,0
0.218,0.0461,7,-18.078,0.0382,0.962,0.0036,0.125,0.0942,172.212,Many Stories,141000,spotify:track:6HoAoNkxpkqRd0uClplvZz,1
0.659,0.645,4,-5.682,0.0688,0.717,0.0,0.139,0.461,95.983,Kiss Me,240800,spotify:track:2QcjNoNPdkYy0RqPFoRKrk,2
0.397,0.937,0,-3.285,0.121,0.0106,0.0,0.15,0.474,169.975,DREAMIN' ON,235275,spotify:track:0tR0irjItyolEmKVLqyRc4,0
0.289,0.744,2,-4.926,0.044,0.0425,0.000102,0.123,0.206,129.768,光るとき,351932,spotify:track:1MKAHjp9mxM80u8K3rROKf,2
0.661,0.446,4,-6.808,0.046,0.696,0.0,0.0761,0.46,89.961,花に亡霊,240120,spotify:track:53maoOKr6j04iqk6qjdvQN,2
0.536,0.403,9,-6.38,0.0335,0.362,0.0,0.292,0.246,141.551,Is There Still Anything That Love Can Do?,414467,spotify:track:56pvqFKGXPjubh5eY6sOlv,4
0.264,0.889,8,-3.494,0.0589,9.8e-06,0.0396,0.0857,0.492,118.977,アイデンティティ,269813,spotify:track:4cXlM7IelyGNnaOiROPZqn,2
0.443,0.596,4,-5.93,0.0298,0.364,0.0356,0.126,0.192,167.957,You're my perfect mirror,305714,spotify:track:19292wQKsyLO6SrT1IGlWi,2
0.543,0.577,10,-5.555,0.026,0.0729,0.0,0.236,0.486,85.984,導,291519,spotify:track:39WmzOaep733aQIuD2RdXb,2
0.541,0.846,6,-2.729,0.0551,0.0122,0.000149,0.163,0.524,129.138,カワキヲアメク,251933,spotify:track:1gUAX2ImxDsB3YDcyxMXlB,2
0.388,0.791,9,-2.25,0.0358,0.00077,2.41e-05,0.116,0.775,163.943,足跡,227973,spotify:track:4k5g6HNKtrWbYDllw2Dyp0,2
0.606,0.419,3,-7.172,0.0266,0.762,0.0,0.129,0.318,139.967,名もない花,266747,spotify:track:10sCOZbhdi3YmqOlb1B6Yd,2
0.313,0.8,11,-4.856,0.0794,0.0234,0.0,0.118,0.449,142.397,SAKURA BURST,263427,spotify:track:7Bqj9jdgaxttbxVecvlZG3,2
0.747,0.806,8,-6.751,0.0518,0.0576,0.0,0.0789,0.74,109.985,サイカ,255132,spotify:track:5KeBlrUAZVEh4A0TeUUfKl,2
0.616,0.584,8,-8.749,0.031,0.0771,0.194,0.119,0.288,155.977,マヨイガ,318120,spotify:track:1yTU2sA9ePjcgxuXudnjwI,2
0.611,0.657,4,-6.343,0.0338,0.113,0.00192,0.129,0.398,143.931,穴空きの空,246453,spotify:track:6jc77ebub9mX2uqELoF5Hh,2
0.698,0.666,0,-4.089,0.03,0.0596,8.67e-05,0.11,0.678,96.003,二千五百万分の一,286000,spotify:track:4DbIulyjvPtJm3PIWafYqI,2
0.612,0.531,6,-9.301,0.0229,0.292,0.476,0.113,0.557,83.989,Let There Be Light Again,227000,spotify:track:1LmvLYFhQoAN4rp0rKghrc,2
0.636,0.969,5,-3.177,0.0922,0.0402,0.000455,0.135,0.645,108.025,Be Down,244060,spotify:track:46rQoQSSkFRYxYkd2p71Er,2
0.604,0.733,2,-5.788,0.0348,0.105,0.0,0.25,0.399,124.885,New Page,270904,spotify:track:2gApWgkuisXedOcS9Tligs,4
0.393,0.938,2,-5.212,0.0843,0.067,0.0,0.223,0.529,174.91,LEVEL,253613,spotify:track:5KAGowqL2Rfmocrgh9cKjF,4
0.285,0.91,4,-4.044,0.194,0.00127,0.0,0.481,0.535,127.196,Icy Ivy,198267,spotify:track:2Cj2leKCQKM5WtaETbD21r,0
0.621,0.607,8,-8.376,0.033,0.0859,0.134,0.116,0.259,155.95,マヨイガ,319363,spotify:track:0aAYM2ApVTzuNOgI0sZPmE,2
0.596,0.903,7,-2.257,0.0422,0.00483,2.51e-06,0.107,0.661,144.068,冒険のVLOG,262693,spotify:track:6KtkYlgZoBno6Ai894zfSD,2
0.499,0.912,6,-2.936,0.043,0.0137,6.66e-06,0.253,0.584,152.082,ブルーバード - from CrosSing,218227,spotify:track:3RyEG3799H7k2e5METVPAK,4
0.552,0.678,3,-4.304,0.0277,0.0186,4.18e-06,0.11,0.612,78.324,約束,296364,spotify:track:3wE3rGZpYYvOPPE6r0Dtp8,2
0.572,0.803,7,-5.292,0.0361,0.412,0.0,0.274,0.5,130.01,おんなじキモチ。,254027,spotify:track:0qZwT6DB43GEOgJErhyosc,4
0.226,0.599,0,-6.847,0.0365,0.326,8.81e-06,0.114,0.0653,95.328,We'll Be Alright (Movie Edit),258373,spotify:track:4toGhOrpjQfweDT9flB5iq,2
0.352,0.868,8,-4.367,0.0514,0.0252,0.00119,0.19,0.518,94.23,ここで生きてる,202662,spotify:track:2vIWfDgMhBpQX6KyEIFMhk,2
0.476,0.985,0,-4.554,0.187,0.00129,0.0,0.14,0.335,97.513,Eden through the rough,247467,spotify:track:7tMhgKLvoaXsb4OFy3nUTy,0
0.822,0.646,1,-7.801,0.142,0.116,4.72e-06,0.0696,0.65,79.996,Good Time - feat. SKY-HI,168822,spotify:track:6M116cTbFxwbv7tJcMiv5G,0
0.679,0.888,3,-6.179,0.0346,0.0413,0.0,0.34,0.711,109.972,ベロニカ,277667,spotify:track:2KuaFHc05fBO4YMqB0neMJ,4
0.499,0.89,7,-8.256,0.0508,0.00145,1.38e-05,0.345,0.609,175.011,Like Flames,250757,spotify:track:7lDQmAjCPGHMBEP4PrzvTn,4
0.53,0.915,9,-3.669,0.0751,0.00422,0.0,0.168,0.368,132.096,アトック,251405,spotify:track:0vWlopeKCm1atNKaTv1Bhg,2
0.507,0.914,11,-2.609,0.0846,0.0245,0.000701,0.371,0.779,138.036,BLIZZARD,226132,spotify:track:1ttNpiMd8WDfXAjITCfDZD,4
0.418,0.87,1,-6.47,0.0488,0.00563,5.11e-05,0.263,0.411,176.005,Crossing Road,310253,spotify:track:1YeBw3L2tN8alXnpDqDm6r,4
0.638,0.712,5,-5.889,0.0311,0.414,0.0,0.294,0.596,113.952,You & Me,203257,spotify:track:6j04uewYlGesO1udV72rv8,4
0.715,0.41,8,-15.558,0.136,0.756,0.00123,0.0744,0.371,144.983,残酷な天使のテーゼ MATSURI SPIRIT,273659,spotify:track:5fvI80jciBXxMj4JklKnbm,0
0.499,0.89,7,-8.256,0.0508,0.00145,1.38e-05,0.345,0.609,175.011,Like Flames,250757,spotify:track:4reAFBOJ56ZdM1g0oub5C8,4
0.402,0.948,7,-3.644,0.115,0.00533,4.77e-05,0.373,0.404,169.827,HELLO HORIZON,310364,spotify:track:1BqTpWakURvMLPKVn3XIRp,0
0.507,0.441,0,-9.441,0.0269,0.727,0.00101,0.126,0.398,155.038,虹とカイト,337899,spotify:track:6wKvOYzi6WBbF4WXC9J7Ey,2
0.573,0.769,2,-7.784,0.0736,0.0316,0.0,0.187,0.556,111.98,STORYSEEKER,232800,spotify:track:4eBgSyDDQqKHyxCvkqghs7,2
0.577,0.61,1,-7.125,0.0371,0.0238,0.0,0.0773,0.762,79.996,Gravity,308454,spotify:track:15WLZS3pvNj1grj8FsI1tv,2
0.609,0.749,6,-3.373,0.0461,0.376,0.0,0.0628,0.533,99.951,外道讃歌,269031,spotify:track:5iPg9OCOa6Jv7Y9HLrtmxC,2
0.584,0.896,7,-3.428,0.0335,0.0598,2.78e-06,0.328,0.742,110.015,いちごサンセット,232627,spotify:track:5pNaPdDwd4qO5w4WdiQMdo,4
0.503,0.569,5,-5.621,0.0262,0.105,5.78e-06,0.117,0.251,148.077,dust,251163,spotify:track:4dzl4oqOEsKWRdzaDRY2Uz,2
0.472,0.944,0,-1.012,0.0733,0.107,0.0,0.33,0.637,137.148,PHOENIX,246787,spotify:track:1BKZVtjSkZvZpVvtaiulw1,4
0.573,0.985,2,-1.434,0.0425,0.000563,0.181,0.374,0.315,115.039,ひかりのディスコ,324185,spotify:track:02lbewNkGqHLr06Irt4wvW,4
0.242,0.904,10,-3.604,0.0737,0.00401,0.0,0.26,0.52,84.642,Papersky,256720,spotify:track:27Aet7xWrKxC6Yvw6S6Si3,4
0.562,0.59,5,-6.045,0.0353,0.22,0.0,0.113,0.569,168.034,あなたがいる,255187,spotify:track:0zrqEdXxtNbM9ksb3WJjsv,2
0.203,0.3,10,-11.434,0.0399,0.955,0.197,0.104,0.16,111.813,イザベラの唄,151360,spotify:track:4MdAirX0TGmJyNjAjcEHwu,1
0.536,0.105,2,-23.286,0.0435,0.994,0.879,0.0947,0.629,179.956,あの子は大丈夫,121347,spotify:track:0OfOLctVeDUDXZusTZYslg,3
0.447,0.255,2,-12.994,0.062,0.967,0.892,0.106,0.11,101.792,"The Name of Life - From ""Spirited Away"" (""Le Voyage de Chihiro"")",211027,spotify:track:6RwUwrAGr9uMIcEdaKJIUX,3
0.128,0.21,5,-15.219,0.0394,0.815,0.947,0.286,0.0474,63.447,Faces in the Rain,142837,spotify:track:47glEWHDcFq99QJIG41uyF,1
0.701,0.145,3,-17.597,0.0467,0.981,0.901,0.115,0.187,134.967,"Dream Lantern (from ""Your Name"") - Piano Version",144213,spotify:track:7jyTA0SnsCBKDLslEM9bJu,3
0.112,0.135,9,-16.884,0.0388,0.953,0.857,0.0761,0.0741,176.097,ずっと見てた,121573,spotify:track:43pyNdu9Ps3fANdErq6nqX,1
0.689,0.43,0,-18.861,0.0747,0.979,0.915,0.218,0.0383,77.98,berceuse: piano,132187,spotify:track:47cOeP7jw9WLLFlTtoiPlb,3
0.28,0.183,4,-14.359,0.0361,0.743,0.525,0.173,0.0395,119.685,哀と悲,179520,spotify:track:6faRsCMylJKKQqESbwJTA9,1
0.813,0.028,7,-22.96,0.072,0.994,0.963,0.0851,0.316,65.998,午後の眠り,144853,spotify:track:2XnI5n569R4tAb9QvI0wkF,3
0.412,0.143,2,-14.302,0.0332,0.793,0.936,0.116,0.0955,85.202,Rody's Heart,130438,spotify:track:2RsFq9HSoesTiuEVArS1sN,1
0.325,0.0583,4,-25.045,0.044,0.986,0.901,0.0968,0.0389,65.514,BPF1,180280,spotify:track:6fFZYxGeVX7fvjv36yaKFN,1
0.478,0.147,5,-18.302,0.0639,0.991,0.92,0.097,0.243,119.306,"Itusmo nando demo (from ""Spirited Away"") - Piano Version",171027,spotify:track:6eCmMzyIhImfTliGEapaz7,3
0.182,0.143,9,-21.135,0.0384,0.97,0.953,0.0783,0.0803,72.859,家族,136853,spotify:track:0WDI60wWIN2lY8eARtE1J7,1
0.465,0.169,9,-16.038,0.0354,0.967,0.0415,0.158,0.0887,119.997,ヒリングの努力,136720,spotify:track:6NpbAEXLTlIQIVPFDgpsr8,1
0.698,0.136,5,-18.434,0.0585,0.968,0.861,0.0827,0.395,130.181,Scaena felix,110600,spotify:track:6CVutH3LMC6jcPPIAJCbg2,3
0.651,0.0591,7,-19.419,0.14,0.994,0.947,0.135,0.311,123.253,tender moment,77587,spotify:track:3pcqSlIenB67a0kxcznaPI,3
0.487,0.778,4,-8.988,0.0679,0.162,0.855,0.113,0.0767,139.987,Jack's Waltz,67848,spotify:track:4qQ8iccfFFLmPhnZLf3JNH,2
0.573,0.0855,10,-19.202,0.0554,0.977,0.891,0.104,0.103,122.028,冒険の終わりに…,106133,spotify:track:2arEAV93ZMQd8EWhm6qY63,3
0.33,0.0617,6,-24.355,0.0374,0.976,0.743,0.0875,0.0383,80.216,Lonely Night,151853,spotify:track:2OmT8YHwCwIVV1YfmaB7o5,1
0.529,0.165,4,-16.586,0.0911,0.945,0.935,0.109,0.192,124.423,what if?: guitar,192307,spotify:track:11A9fU6Ol4mhsALOiNeivJ,3
0.184,0.331,0,-11.394,0.0306,0.851,0.878,0.0977,0.0941,90.296,A Heart That Is Inherited,156453,spotify:track:4lmRQW9hnra176dFfbfeXS,1
0.562,0.016,2,-24.546,0.0395,0.99,0.902,0.102,0.342,99.708,トラウマ,120120,spotify:track:4ZbQPoKBpm0vd3aUr3pjCa,3
0.325,0.101,0,-21.4,0.0381,0.946,0.898,0.059,0.0703,141.094,Spirited Away: I. One Summer's Day,292093,spotify:track:07iDjdRywA3D1nLDh2FO6Z,1
0.337,0.0152,5,-24.264,0.0485,0.858,0.0122,0.126,0.229,111.74,絆,72480,spotify:track:0U0MVb521EHCsJF5z4pyt2,1
0.509,0.0902,5,-18.693,0.0546,0.987,0.919,0.075,0.0387,135.717,Boule de cristal - Piano,176520,spotify:track:6h0ErKZbeqLgyFMfUGZSkN,3
0.441,0.00742,2,-31.918,0.0393,0.993,0.952,0.103,0.142,68.066,Memories of a Sound,89573,spotify:track:4EY8U0w9xW44Ffz5lFh10K,1
0.433,0.0368,2,-21.38,0.0517,0.988,0.91,0.14,0.0972,133.891,"Kamado Tanjiro no Uta (from ""Demon Slayer"") - Piano Version",215013,spotify:track:6KQ0PN9AMVsHB5WJ9ALufO,3
0.292,0.0566,4,-21.355,0.0355,0.994,0.871,0.101,0.0386,35.66,Recharge,36418,spotify:track:3Vo3ncjxuGaLrOZctITUlf,1
0.201,0.2,9,-18.663,0.0349,0.855,0.879,0.0826,0.0389,82.105,Luke's Lament,173651,spotify:track:08Py3Dzt1yhyCBI7bCOATm,1
0.61,0.171,7,-17.993,0.0786,0.986,0.909,0.106,0.18,130.232,Hora Auxo,148013,spotify:track:74jkq7D6I8gH5Wc31B7Lqf,3
0.111,0.151,2,-17.086,0.0376,0.956,0.969,0.0691,0.0368,174.982,End Requiem,217173,spotify:track:2NfyOPj6eBc3kFX6L2gDwG,1
0.593,0.064,9,-22.008,0.0519,0.993,0.933,0.091,0.233,140.117,"Is There Still Anything That Love Can Do? (from ""Weathering with You"") - Piano Version",148213,spotify:track:3ofkG7Bxa5YRks5ULfYPRC,3
0.399,0.262,5,-11.716,0.0308,0.97,0.72,0.0984,0.113,113.918,己の選択,182987,spotify:track:2gzHzsT8vbGMC1ejrirI2D,1
0.407,0.0802,0,-22.262,0.129,0.986,0.739,0.149,0.297,170.041,Repeat Days,61200,spotify:track:2vWb3Up1OjJiIn7joAfkQn,3
0.0644,0.429,7,-9.672,0.0351,0.461,0.921,0.331,0.0762,72.024,GREAT SPIRITS,125627,spotify:track:4Yrb5hnuEhs9gITdSnrN2J,1
0.302,0.223,9,-11.947,0.0323,0.97,0.784,0.0784,0.134,74.602,哀と愁,175093,spotify:track:6CfBzLvptTgv21y3OjB5GC,1
0.657,0.0443,4,-20.762,0.0875,0.982,0.933,0.0947,0.207,77.461,"Might*U (from ""My Hero Academia: Heroes Rising"") - Piano Version",147813,spotify:track:37BF72QZ9s6jHQkCnlWLhh,3
0.552,0.0461,2,-21.556,0.0451,0.957,0.697,0.164,0.179,105.652,ムジカ、ソンジュとエマ達との友情,201960,spotify:track:2hBVr6YHlWXg2xKCbrrIuf,3
0.254,0.0745,2,-23.124,0.0349,0.971,0.964,0.105,0.036,126.328,Tomo no Tasuke,116800,spotify:track:1nHfZrpnVVenmEki9HvhCP,1
0.273,0.333,6,-14.541,0.035,0.251,0.935,0.0667,0.0853,112.661,"Penrose Steps, A.I. Bloom - From ""Eden"" Soundtrack",287350,spotify:track:0x5s5VhaxIhuNg7guk46At,1
0.693,0.0504,5,-18.786,0.103,0.97,0.964,0.0926,0.337,149.803,追憶,111013,spotify:track:5NJHtp42RpUg2QlVi46M2Y,3
0.123,0.387,4,-12.029,0.035,0.331,0.853,0.153,0.0674,60.772,天命,186133,spotify:track:2i9uYsTalkT8ND73KbfDpU,1
0.459,0.248,7,-13.677,0.0346,0.585,0.921,0.101,0.222,114.92,Ⅱ quiet romance,146627,spotify:track:5QspiGbL0BiWfBdm3iSJal,3
0.0985,0.29,4,-11.63,0.0374,0.631,0.148,0.222,0.0393,73.417,Separation,128747,spotify:track:1b0QO5koiLFRs36yf4ipKO,1
0.306,0.017,10,-28.818,0.039,0.986,0.138,0.0956,0.157,110.984,Weave Your World,131093,spotify:track:5yMTN93PS4O2oyOcgsoBR0,1
0.444,0.337,10,-12.332,0.03,0.986,0.916,0.121,0.346,155.935,Interlude Mirrors,103009,spotify:track:1xVb0LIVr9JTHefscrXWGJ,3
0.482,0.0327,4,-19.835,0.096,0.994,0.942,0.0718,0.198,142.544,"Sadness and Sorrow (from ""Naruto"") - Piano Version",170627,spotify:track:4rVkFPXdU6uMRhh55Q7UoX,3
0.633,0.234,10,-19.508,0.0849,0.978,0.846,0.114,0.156,117.624,pensees intimes: piano,124787,spotify:track:7dcVFoOg7z2uPwgFadMmvn,3
0.485,0.0985,4,-23.274,0.0679,0.991,0.937,0.0744,0.354,78.537,Yoh's spirit,158147,spotify:track:6PWtj028YCYQePzHwXmadY,3
0.543,0.111,10,-19.37,0.0352,0.712,0.973,0.119,0.0471,133.236,AOE組曲 第四楽章: AI,177720,spotify:track:6STCKWUXbEiaDouCFW0Qqi,3
0.295,0.0886,9,-17.239,0.0393,0.942,0.571,0.0937,0.0697,119.495,ノスタルジア,121760,spotify:track:3jYJFJ5Nv2wmT24QFOGicc,1
0.276,0.108,4,-19.436,0.0348,0.97,0.899,0.086,0.0965,79.994,ともに憩いを,178773,spotify:track:00ZPtOmZUu1YPdJ3I1CsUO,1
0.287,0.0196,2,-21.648,0.0463,0.973,0.21,0.121,0.27,84.211,Illyana's Theme,194469,spotify:track:08maeoY4mGYb6PMYeMyo7d,1
0.254,0.172,11,-16.547,0.05,0.924,0.986,0.225,0.166,117.416,Fleeting Days,40780,spotify:track:5yLtoWn87kZrsoTk4rMcg3,1
0.448,0.0743,5,-22.274,0.112,0.992,0.818,0.0921,0.204,76.798,Reminiscence,122600,spotify:track:76cUb9qc2hTwV5MV5xpvnK,3
0.468,0.36,8,-14.454,0.0493,0.332,0.844,0.104,0.0362,113.983,Beautiful World - Da Capo Version [Instrumental],357560,spotify:track:2gqo0SRrejrcuhyNBLYnSk,1
0.785,0.0747,0,-21.056,0.0598,0.967,0.901,0.0932,0.576,100.05,Memories,69813,spotify:track:1kGVYBKdNDjc0HF0ClFbmx,3
0.365,0.0425,8,-21.996,0.0363,0.99,0.726,0.062,0.232,76.108,きっと誰かの役に立てる,138733,spotify:track:1rNpBgWdHmK3RmBIXOfdIj,1
0.363,0.109,9,-16.211,0.0325,0.879,0.864,0.107,0.0634,140.125,葛藤,126573,spotify:track:1sRCeFxzpyts4rCxN98THm,1
0.157,0.329,3,-11.954,0.0337,0.65,0.352,0.163,0.158,89.224,Empathic Heart,170480,spotify:track:29g9byfanB1tBsR0rmalPH,1
0.63,0.0658,11,-18.857,0.0604,0.993,0.926,0.107,0.119,79.841,"Accross the Violet Sky (from ""Violet Evergarden"") - Piano Version",147213,spotify:track:7a43z9oeE2cx7Hw744RDM6,3
0.648,0.0405,5,-29.557,0.0642,0.996,0.964,0.0742,0.149,64.001,Rhythm of the Breeze,138200,spotify:track:3rvmgpyXAByfnMk0tgrhdi,3
0.324,0.112,3,-25.77,0.0429,0.994,0.927,0.157,0.263,103.329,Free The Wind,173480,spotify:track:0r3cg5Co9bAsNgLqcKVMlr,1
0.159,0.379,11,-13.062,0.0361,0.786,0.826,0.129,0.0378,82.031,Tao Family Philosophy,158440,spotify:track:64GMfRpLH5VP1PBILWv3mh,1
0.459,0.0132,2,-23.285,0.0504,0.992,0.941,0.0962,0.321,104.205,"Sekibetsu (from ""JoJo's Bizarre Adventure: Phantom Blood"") - Piano Version",113013,spotify:track:1cx7pBxhDiEb0ykORUsTg9,3
0.432,0.306,6,-16.686,0.0333,0.949,0.857,0.0903,0.366,140.079,Grudge Against the Past,133120,spotify:track:6g5WTpIQbMRS0LYDx4Dtnm,3
0.255,0.00181,2,-28.885,0.047,0.991,0.849,0.124,0.0927,168.153,Rin's Melody,63947,spotify:track:1A1Nua1UdL7N5VZczjozgB,1
0.332,0.139,0,-20.806,0.0687,0.994,0.851,0.114,0.049,179.538,"One Summer's Day (From ""Spirited Away"")",186307,spotify:track:0w16SUTFaAeOaHyV6FU6y7,3
0.421,0.0431,7,-20.306,0.058,0.979,0.91,0.078,0.0443,139.531,AdラLib,203573,spotify:track:55tel8p1iJIG0149tTqGk9,3
0.297,0.0247,9,-23.956,0.0392,0.986,0.928,0.072,0.0989,81.893,ヒーローの影,114800,spotify:track:7KKbK2GCMzIuwwS1Y90fDM,1
0.532,0.0501,7,-24.485,0.0758,0.995,0.941,0.129,0.509,80.637,Desiderium,102467,spotify:track:2nOcNupR8YMJFAB1ew1a7L,3
0.439,0.129,2,-15.99,0.0328,0.674,0.96,0.114,0.14,111.654,五月雨,207720,spotify:track:3aNugT13qqQoUKwfJKmcrk,1
0.427,0.0143,0,-23.296,0.0768,0.991,0.86,0.0625,0.167,194.092,"Watashi no Uso (from ""Your Lie in April"") - Piano Version",174213,spotify:track:0CZLWYZr8nkPAphOw3Oynk,3
0.519,0.0842,2,-19.655,0.0806,0.978,0.916,0.0805,0.291,128.742,f <pfs>,229987,spotify:track:7L8KV3FlPJx9tnsS33uMen,3
0.443,0.0918,7,-15.397,0.0397,0.981,0.971,0.0919,0.235,119.772,Mirajane's Theme,110107,spotify:track:4ejoezuhbSpl053g9zJ8HL,3
0.276,0.174,5,-14.907,0.0478,0.861,0.17,0.141,0.0742,111.083,Ⅲ epilogue,121947,spotify:track:2b4iGWpqtv1HNsa0enc5Er,1
0.586,0.105,7,-19.103,0.0458,0.99,0.936,0.112,0.372,80.072,"Main Theme (from ""Fairy Tail"") - Piano Version",128813,spotify:track:1g8OULlWBHQHhdun9qKiJq,3
0.18,0.296,10,-13.471,0.0346,0.00529,0.8,0.0878,0.0452,133.496,aズ-17歩,163373,spotify:track:7fJu0gH275bqwEtoAoBvuF,1
0.527,0.204,7,-9.544,0.0294,0.509,0.641,0.137,0.16,75.04,ヒナタvsネジ,193493,spotify:track:1MBp0qsk4UTtdxc6DmmlFX,1
0.196,0.00724,4,-25.699,0.0457,0.989,0.888,0.0644,0.17,74.606,行き止まり,71467,spotify:track:3oUX2Sm0znX6OyyXMb0AbY,1
0.255,0.196,6,-19.0,0.0402,0.972,0.698,0.11,0.168,119.494,Return to Base,121368,spotify:track:21LBXdtelcnRpimCBa5WJV,1
0.176,0.514,8,-12.05,0.0308,0.816,0.637,0.117,0.154,80.018,Yuri on ICE,220999,spotify:track:4u4t9R8Iky417ZasENaKXX,1
0.0918,0.268,5,-12.501,0.0348,0.955,0.823,0.22,0.0397,87.074,tema principale: orchestra dedicata ai maestri,298613,spotify:track:2BDGENnWVU3kAvXkEzMvcr,1
0.543,0.0707,7,-18.989,0.0761,0.99,0.923,0.17,0.527,105.103,Kenji,61947,spotify:track:1c1q2Zk6qzcnANS9MMYYv4,3
0.443,0.234,2,-12.069,0.0377,0.95,0.825,0.0965,0.127,119.786,ボッジとカゲの友情,147747,spotify:track:1wMPHL0wMoFzGxsqVimW2p,3
0.449,0.0425,0,-23.086,0.0687,0.991,0.961,0.114,0.135,128.378,"Date (from ""Your Name"") - Piano Version",190413,spotify:track:1Xzud4cwfQcWNheDmMOmRg,3
0.191,0.0606,7,-27.896,0.0368,0.888,0.67,0.684,0.135,146.713,神聖円卓領域:キャメロット orchestra ver.(Live),240187,spotify:track:58biqZXhwdIhaMmOpzHB0o,1
0.525,0.0912,2,-21.227,0.069,0.95,0.875,0.12,0.0741,79.961,砂の星,203107,spotify:track:7gz7GnLjMSKImEJBFPj8Ie,3
0.367,0.2,5,-13.978,0.0343,0.886,0.901,0.111,0.125,130.11,BLUE,237640,spotify:track:7F1qu0e6hEdQGvUPB3zxeD,1
0.478,0.102,3,-19.097,0.0631,0.982,0.839,0.0913,0.415,164.956,The Promised Neverland (Pf solo Version),169827,spotify:track:3gZZfPtY4ekef9SZn6rdda,3
0.633,0.404,4,-13.668,0.0462,0.896,0.951,0.26,0.462,100.156,Postmeridie,100440,spotify:track:2ye6s1u1Xmpam9rpyfIgTa,3
0.486,0.0711,9,-9.749,0.0306,0.398,0.0,0.0785,0.18,79.9,ひとり,102973,spotify:track:0gF8bDtPONdYsx7sI6TgUY,2
0.467,0.0653,5,-19.477,0.0476,0.99,0.899,0.112,0.219,96.002,"The Path of the Wind (from ""My Neighbor Totoro"") - Piano Version",166613,spotify:track:1qGGKwl2Jd7kKeInS7DigT,3
0.19,0.0773,11,-21.749,0.0371,0.853,0.171,0.166,0.0383,86.825,"Be a Flower, Be Nothing (feat. Tina Guo)",113387,spotify:track:0xDO9CCjMWGGKY5HeiwYQn,1
0.184,0.336,5,-10.325,0.0322,0.759,0.899,0.0676,0.0622,110.319,Theme of Blood Blockade Battlefront,221280,spotify:track:6amM9O98aM9NJyE3nN0Qbu,1
0.601,0.0982,11,-16.236,0.081,0.966,0.904,0.091,0.0762,68.433,pF-AdLibⅣ,124973,spotify:track:2zMoJnmgdYwPC3iYUSPIbu,3
0.435,0.102,2,-21.149,0.0507,0.989,0.931,0.096,0.133,93.915,Rainy Steps,199680,spotify:track:6MD5Tz0SBZkqfI8m6Tg09G,3
0.595,0.062,4,-19.126,0.0731,0.988,0.945,0.115,0.251,114.417,"Main Theme (from ""Grave of the Fireflies"") - Piano Version",120400,spotify:track:3AfMa7WKiHccMRqFs5cnrQ,3
0.201,0.211,9,-18.589,0.0395,0.913,0.955,0.106,0.0448,80.696,Rei II,176600,spotify:track:60AjiXk85ac0dnSEYsYbqI,1
0.271,0.273,4,-17.884,0.0339,0.903,0.347,0.124,0.187,139.948,Puella in somnio,117733,spotify:track:15qBxGjAD4kWONlicpYpuR,1
0.249,0.256,9,-15.724,0.0376,0.664,0.917,0.0933,0.0384,61.487,A Proud Father,119324,spotify:track:0CZgj823OB4EtqLZppMRTV,1
0.305,0.281,2,-11.949,0.043,0.789,0.964,0.0983,0.065,160.029,mommy,133907,spotify:track:2wH1onwRqSXVEWedraKhK5,1
0.552,0.248,0,-14.628,0.038,0.574,0.956,0.075,0.0402,127.943,Her Blue Sky,196547,spotify:track:0LfuSi7PeP9702yKy2svrb,3
0.375,0.0258,1,-23.258,0.0602,0.993,0.943,0.101,0.169,171.577,"Ashitaka and San (from ""Princess Mononoke"") - Piano Version",152213,spotify:track:32vqrWQnS2fDk1JQXo7r2y,3
0.396,0.00627,9,-23.327,0.0633,0.991,0.883,0.0808,0.34,133.426,Letter,210187,spotify:track:3lurE2YSyTPtPcJy71giov,3
0.277,0.0737,10,-23.442,0.0437,0.95,0.431,0.279,0.0979,134.94,流れ星,97480,spotify:track:0W7i2mlLUM3SdVa8urLt8e,1
0.097,0.185,0,-12.234,0.0353,0.944,0.85,0.114,0.112,178.802,聞き慣れたメロディー (orchestra ver.),288267,spotify:track:1i8hoskrY3T0NrDfYV24Oc,1
0.59,0.0554,2,-15.094,0.0399,0.978,0.885,0.168,0.408,143.834,ナルトとヒカル~認め合う二人~,80827,spotify:track:1LGsQpzIkNSV9qo6E1QCJF,3
0.375,0.22,9,-12.913,0.03,0.809,0.31,0.205,0.444,180.202,桜のテーマ,165533,spotify:track:2rkHF3lLA1nJIIa9E15SLK,3
0.386,0.0435,1,-19.673,0.0465,0.988,0.936,0.0935,0.0365,83.754,"Lit (from ""A Silent Voice"") - Piano Version",124813,spotify:track:5ozS8C2eYB5Z8G34J4fQjl,1
0.185,0.192,5,-13.978,0.0401,0.906,0.832,0.098,0.0496,60.405,En/Kin/Nai/Kan/Sin/Ki/Ei/Satsu,191427,spotify:track:4eApWnOdelg5TNfFLw3YXE,1
0.224,0.00414,9,-28.348,0.0475,0.988,0.915,0.0867,0.247,134.858,The Promised Neverland (Epf solo Version),144520,spotify:track:5L9bHB7esLqCQPETVQcP7W,1
0.201,0.259,4,-14.513,0.0338,0.651,0.731,0.172,0.0709,94.737,らゲ-sin,149547,spotify:track:3cUm4XaoBC8wBjzunV3N5X,1
0.269,0.0426,11,-19.984,0.0353,0.91,0.945,0.273,0.136,68.256,morning moon,152700,spotify:track:280uCFxlwOi93K60u17qXQ,1
0.468,0.0713,4,-17.661,0.035,0.98,0.682,0.118,0.225,114.875,たとえ、夜が続いても,184227,spotify:track:218Jd0OzzpUs0WgADSEwp6,3
0.294,0.0769,2,-20.221,0.0369,0.958,0.897,0.0843,0.0525,75.858,交響$weet 4th-Mov.:f,224293,spotify:track:4HtIJokdLiYktVUjv6HmEi,1
0.806,0.287,11,-14.301,0.0439,0.971,0.928,0.0911,0.583,115.163,Minori Theme,189413,spotify:track:4cTMTCpzrmGRXbaZjZzUxa,3
0.218,0.187,9,-11.62,0.0388,0.98,0.902,0.0954,0.0764,78.978,理想郷,62480,spotify:track:43JTTqlhoxd28a82hCC38e,1
0.292,0.256,11,-14.085,0.0342,0.984,0.956,0.121,0.248,129.871,22194,165213,spotify:track:3t1VZbZdGhErxXiYQs3iek,1
0.624,0.0532,2,-21.333,0.0995,0.995,0.952,0.0779,0.515,135.919,Tatsuya,109080,spotify:track:5fUe0tMtJgt1V3HzwkzqSH,3
0.329,0.0286,4,-27.209,0.0358,0.915,0.641,0.118,0.0389,76.845,Spirited Away: III. The Sixth Station,228253,spotify:track:0io66Jrq47xP5l14O9347v,1
0.456,0.0354,3,-25.819,0.0591,0.977,0.813,0.0956,0.132,141.647,TPF-4,215680,spotify:track:1wLtmLETBKV47ij6aMveQW,3
0.474,0.0117,7,-24.607,0.0685,0.99,0.884,0.314,0.332,135.631,ぬくもり,153560,spotify:track:6HoE1s13bANzRAIFjd0UHI,3
0.537,0.171,0,-16.858,0.0299,0.617,0.884,0.176,0.0459,84.047,innocence,255067,spotify:track:77frcHaijsgNBotBCd2Qa6,1
0.437,0.148,5,-14.812,0.0415,0.871,0.00119,0.106,0.194,134.007,富士風雪絵,92867,spotify:track:635iHQIGC3iqMkhEZbElmc,1
0.29,0.0276,2,-22.48,0.0376,0.951,0.00517,0.0849,0.0394,113.976,本当の気持ち,131600,spotify:track:5xElXRYSACDUnb6FkLxQ72,1
0.209,0.183,9,-15.04,0.038,0.954,0.805,0.0885,0.136,95.039,A Morning in New Bark Town,177819,spotify:track:09tukGvyaZGKfmMqVEmOwl,1
0.554,0.171,0,-15.656,0.0338,0.865,0.893,0.109,0.16,90.005,雪の日,198293,spotify:track:28ZcgF1HMRtdjIcAR5g9Ri,3
0.24,0.0595,4,-20.655,0.0364,0.652,0.623,0.125,0.19,140.308,Memories,156063,spotify:track:2gRg2U10JdXoxoyjvl4K2X,1
0.172,0.125,4,-23.734,0.0381,0.947,0.839,0.155,0.0689,73.052,Gurenge (Demon Slayer OP),183483,spotify:track:4dBNsU1kyxFK8RCRq2iR0E,1
0.607,0.0803,5,-25.765,0.0423,0.995,0.821,0.125,0.481,126.25,It's Better Not to Say It,56627,spotify:track:5eeMePNdlrbazuKZfItpfY,3
0.518,0.16,7,-17.187,0.0594,0.986,0.966,0.485,0.613,126.95,Ⅲ rain goes up,101440,spotify:track:43qdhWFAyqJR48bjdnc3mG,3
0.156,0.0716,7,-22.569,0.0397,0.994,0.906,0.109,0.0384,79.593,Crepuscule - Tokyo III,98667,spotify:track:2JYrCl2Ni9vXibdmHqbU87,1
0.513,0.0306,0,-22.455,0.0508,0.995,0.957,0.12,0.12,97.715,"A Sea of Clouds in the Moonlight (from ""Castle in the Sky"") - Piano Version",195027,spotify:track:0AKoJFpy4ZmR7PfWvHW1x5,3
0.274,0.111,0,-18.814,0.0358,0.951,0.915,0.0912,0.0539,81.922,サラダ~心痛,142280,spotify:track:7eKypR55QcGtFNgKdtMCUF,1
0.401,0.0852,2,-18.914,0.0517,0.984,0.935,0.0978,0.121,86.387,"tender smile, gentle feeling",128000,spotify:track:4bIgqIAnAvkynszhnTxV95,1
0.372,0.21,2,-22.998,0.06,0.968,0.924,0.117,0.229,94.943,days,176065,spotify:track:3zAsQh1bA6kjiewwBeMhEE,3
0.186,0.137,0,-14.14,0.035,0.415,0.899,0.11,0.124,173.782,Made in Abyss,128867,spotify:track:2KX2JoisGgrs9QlCVbSlCC,1
0.274,0.0692,10,-22.128,0.0347,0.989,0.776,0.0925,0.103,93.984,"Newborn, Naked Morning",134440,spotify:track:7CBB1HtDDiTUjrmYXKAXaq,1
0.233,0.228,7,-11.911,0.0327,0.353,0.926,0.275,0.185,91.907,日差しの中で ~FGO~,155800,spotify:track:0bwh7DDPPVydRwL6qp2kMs,1
0.108,0.0826,0,-21.105,0.0393,0.867,0.345,0.0449,0.0397,83.729,We Have to Get to China,205080,spotify:track:0d1rRgW0IgfJwFgHLXWo9Z,1
0.233,0.76,5,-7.829,0.112,0.278,0.567,0.12,0.323,213.994,Khun,207316,spotify:track:6jgz3qHKwsRv9JYCrw2QO2,0
0.356,0.0927,7,-22.755,0.0801,0.994,0.935,0.116,0.0535,172.574,"Merry-Go-Round of Life (from ""Howl's Moving Castle"") - Piano Version",163813,spotify:track:2kU1qEBixawaX0Donv6us6,3
0.306,0.00653,5,-29.199,0.0394,0.958,0.932,0.128,0.21,77.002,Departure,62239,spotify:track:47vvW1lUth8NZ1rIW2VitW,1
0.276,0.177,2,-16.791,0.0336,0.726,0.723,0.148,0.0394,100.16,落日,115400,spotify:track:6mktMBAkKKGF9ZHRfn7Ohc,1
0.413,0.32,1,-15.793,0.0367,0.349,0.961,0.0608,0.0665,180.106,祝・映画化!!,105373,spotify:track:6cdRTS9WEv8IF12mL3FnrJ,3
0.508,0.0151,7,-21.693,0.0777,0.982,0.523,0.148,0.196,79.759,"Mother Sea (from ""One Piece"") - Piano Version",95613,spotify:track:3DYeBXdFnD2faejUwPlr5a,3
0.637,0.0777,0,-14.758,0.115,0.99,0.938,0.0934,0.331,148.186,慈悲,99467,spotify:track:6qJRCdHnPO2zwuJf4xNdH9,3
0.51,0.274,5,-14.165,0.0348,0.981,0.9,0.123,0.0965,75.974,GATE OF STEINER -Piano-,236120,spotify:track:1EyeHLX96JGGiF2l4tRvJR,1
0.368,0.172,5,-19.991,0.037,0.987,0.925,0.12,0.201,104.409,il sole,97897,spotify:track:7kGSlJ7w8cHvKgEWFhaV4t,1
0.541,0.0311,7,-21.786,0.0733,0.994,0.938,0.0904,0.298,123.132,"Kanashiki Kako (from""Fairy Tail"") - Piano Version",134213,spotify:track:5UAD8OmfbawhhQiOX7WiAm,3
0.221,0.0726,9,-17.167,0.0363,0.646,8.49e-05,0.129,0.136,114.736,夕暮れ,114760,spotify:track:4sG3UjRzAAAZTMD4B098ec,1
0.385,0.0874,2,-21.796,0.0856,0.97,0.92,0.114,0.11,135.048,Cruel Dilemme IV,113120,spotify:track:0oMW4IX1H26YGWatbRov0l,3
0.277,0.0415,3,-23.933,0.0338,0.975,0.955,0.126,0.19,100.66,In the Rain,88427,spotify:track:54tyZ4LKFV0vQZIseBV0jA,1
0.194,0.0174,0,-26.644,0.0378,0.983,0.0391,0.0845,0.035,70.983,You Are My Beautiful Song,104053,spotify:track:60ifReooSk4yKVr4k059CG,1
0.611,0.68,11,-10.074,0.0286,0.471,0.75,0.084,0.377,120.029,Butterfly Joe,105747,spotify:track:1XYLq3exYb7HaFYbdUJfOf,2
0.483,0.0606,3,-21.296,0.0483,0.98,0.903,0.189,0.12,133.81,"Otouto Mitai na Sonzai (from ""Your Lie in April"") - Piano Version",105613,spotify:track:73KPdKYj9ghwx6cSqcIc6W,3
0.306,0.325,9,-10.327,0.0307,0.956,0.865,0.128,0.237,75.792,銀髪の少年,128947,spotify:track:2rdV4U0MJoaultI3T0wya7,1
0.408,0.492,5,-11.862,0.0277,0.658,0.793,0.105,0.0787,99.966,そして訪れた平和,190147,spotify:track:1AWnS38eXZkex55teTjSiH,1
0.443,0.284,7,-14.951,0.0333,0.523,0.825,0.103,0.316,90.817,Kansas,98320,spotify:track:2I4RBS5SI7sg7KSN5dc1Sf,1
0.587,0.355,2,-16.336,0.0389,0.886,0.903,0.11,0.75,160.035,Miki,112427,spotify:track:1LuHSkkfYqNQ9REmVSG5qN,3
0.532,0.0228,5,-19.326,0.0712,0.985,0.941,0.112,0.0577,144.404,Descending the Stairs,102053,spotify:track:4kgvX4EVI1R3PcYfk3ZMxV,3
0.591,0.00303,2,-29.004,0.085,0.995,0.979,0.0396,0.459,140.91,Juvenile Psalms,122867,spotify:track:0f7xHVyHOyjNYHPNnSUYeR,3
0.381,0.254,7,-14.79,0.0336,0.488,0.00788,0.197,0.146,80.04,山間にて,148053,spotify:track:4AEo07oakprZcCmCjaBX57,1
0.506,0.11,10,-23.843,0.0426,0.975,0.956,0.109,0.229,115.101,ayumu i,110235,spotify:track:6pLuc3ikK3VDcmmNSEiAf0,3
0.166,0.0833,7,-18.985,0.0418,0.948,0.904,0.0655,0.0445,130.033,Men of the Earth,190333,spotify:track:6e5nUhH2xx4iCC4lrAuLc4,1
0.312,0.0212,5,-27.131,0.0511,0.983,0.0237,0.17,0.163,133.012,Circulation,110720,spotify:track:0GA3IAQWhlwgXgd6aEcew3,1
0.197,0.112,1,-17.292,0.0493,0.979,0.952,0.105,0.0747,197.232,Future Nursery,158387,spotify:track:5J4QpLfLp5RyGt2epWw0ZU,1
0.485,0.0415,9,-25.599,0.0507,0.978,0.798,0.0722,0.114,114.677,Anna - Piano Version,233600,spotify:track:38DYHnTRQ4HgYmP32sS3vu,3
0.337,0.00568,6,-28.057,0.0435,0.99,0.0221,0.111,0.443,111.502,Horizon,118693,spotify:track:5tBQykcYjtinrF9ev9mgST,1
0.178,0.237,10,-15.489,0.0359,0.00381,0.8,0.092,0.262,99.347,A Tree in the Dark,84013,spotify:track:3SXIQYZmmx8m5KPZ0RyuFO,1
0.154,0.0821,8,-20.606,0.0425,0.884,0.862,0.0776,0.0371,93.463,敗者,162000,spotify:track:3MKlI3y3MQjcAzmgG3VJoe,1
0.474,0.0904,11,-19.422,0.0378,0.983,0.878,0.209,0.48,83.581,Hora Carpo,139440,spotify:track:4yTKtoZPjU3MYaDuSc6Hsv,3
0.521,0.281,10,-12.51,0.0312,0.817,0.924,0.118,0.199,112.087,イザベラの唄 (Mandolin Version),149200,spotify:track:6R24kPF92YaMvsK6K2Cpyv,3
0.24,0.00772,10,-28.248,0.0452,0.974,0.93,0.0756,0.0364,75.027,Revelation,188272,spotify:track:73fSc5LqSBGYvMznxAsWdL,1
0.605,0.192,5,-18.296,0.0747,0.965,0.907,0.0871,0.804,126.652,いつも何度でも(Instrumental),131240,spotify:track:2gPkPYsK8qhBnqIb8bW8QB,3
0.206,0.239,7,-13.34,0.034,0.957,0.801,0.115,0.112,65.368,寂静,131947,spotify:track:68teXKcJUnOd2mGWahgcca,1
0.461,0.0253,7,-27.676,0.033,0.991,0.826,0.152,0.247,88.385,Hifumi (Medicine Song),80373,spotify:track:6JY6UlSalLhkq5kDFCko4Q,3
0.383,0.00467,1,-29.878,0.0528,0.991,0.865,0.109,0.225,69.003,理想郷,217333,spotify:track:4AjlMD1d8wax7qGsVxrbjg,1
0.418,0.255,0,-14.076,0.0504,0.522,0.871,0.122,0.245,209.784,Lounge,124013,spotify:track:6TnRvZxTCinyDQVVj9uSaC,3
0.134,0.109,11,-19.137,0.0367,0.96,0.918,0.121,0.117,78.018,Cradle Of Myriad Stars,94720,spotify:track:0BBCiDEfr2KZXjF6puSdp6,1
0.374,0.504,4,-3.018,0.0302,0.85,0.0263,0.108,0.358,110.474,君をのせて,221373,spotify:track:62fcs78JNSzeb5IMHCNpwm,2
0.25,0.129,7,-20.137,0.0325,0.971,0.885,0.0981,0.0703,109.073,Meguro,139907,spotify:track:4MU4CP6BlcLKpMwmgssHUm,1
0.141,0.191,0,-15.328,0.0328,0.664,0.0207,0.183,0.0684,169.017,Departure,173627,spotify:track:7uNu0IWPFHHmi8KI3akdEg,1
0.523,0.097,11,-17.615,0.0454,0.977,0.836,0.0863,0.145,108.055,Water Memory,137213,spotify:track:2zszfnsU9IqrzCd1Nhuf2A,3
0.438,0.0964,0,-20.403,0.0693,0.992,0.901,0.102,0.406,114.894,"Pokémon Theme (Solo Piano) [From ""Pokémon the Movie: I Choose You""]",99163,spotify:track:0ciwrK2ri1Mp3KzNKKNUn1,3
0.271,0.0333,0,-22.754,0.0372,0.992,0.574,0.14,0.249,76.771,Lullaby In The Peaceful Light,237453,spotify:track:1X5J4L0NgBAUONNTJ1SrnV,1
0.663,0.0833,5,-23.447,0.0831,0.99,0.831,0.0802,0.247,77.892,Thought of You,73507,spotify:track:7cj0Rn7htkVK8G2MYcIlFx,3
0.291,0.156,0,-13.926,0.0323,0.784,0.022,0.124,0.103,77.09,POLARIS,147600,spotify:track:44rugL2fPwfJHMNa8LrRIN,1
0.342,0.0287,1,-31.008,0.0411,0.986,0.775,0.179,0.121,64.366,冷雨,228387,spotify:track:7h58iqcHzETIlKgztLu69z,1
0.555,0.0966,2,-18.37,0.0534,0.983,0.952,0.0931,0.356,99.63,BEASTARS -pf solo-,109000,spotify:track:1WKXs9BlXdmN9qsBw2Cgcn,3
0.507,0.192,0,-14.173,0.031,0.986,0.873,0.0992,0.121,74.909,Sweet Fragments of Peace,132722,spotify:track:3RNK21auj9JCKhnQS1GhWf,1
0.225,0.0328,7,-22.823,0.0455,0.939,0.91,0.109,0.0603,113.88,KK9(m19),130560,spotify:track:1a0JBGVyhUUVdynns4LoRo,1
0.552,0.16,0,-20.914,0.0362,0.982,0.963,0.0927,0.377,88.176,Oyoste Aina,182413,spotify:track:04g3KHv3tuxR2632NMi3sh,3
0.629,0.206,5,-18.119,0.0426,0.99,0.955,0.112,0.47,179.983,His Heart,92013,spotify:track:7rr9jeBLOlSrs1KmtFsjkt,3
0.497,0.181,7,-20.212,0.0519,0.99,0.922,0.0733,0.319,148.077,Days We All Have,238960,spotify:track:0u0YnjJ2aHyDUXNhYREmwH,3
0.265,0.0282,9,-27.958,0.0476,0.985,0.874,0.0941,0.128,65.088,Aots3-Pf2,204107,spotify:track:4U84wHDv0chT6uIydsaxlO,1
0.47,0.119,9,-16.318,0.0294,0.908,0.667,0.0969,0.0666,74.151,Rei I,179827,spotify:track:75noxAKSPc5wUqcyj4NILb,1
0.309,0.0423,6,-24.4,0.0565,0.993,0.923,0.0893,0.207,67.534,父子,205627,spotify:track:0YTQNc3FlK18Y7tPlXCC22,1
0.339,0.0333,9,-26.268,0.0455,0.956,0.608,0.048,0.0518,84.059,tfpf1,177507,spotify:track:0vMseaKjzbLdfl62kwjjn6,1
0.302,0.0937,7,-18.32,0.034,0.926,0.911,0.0959,0.0791,139.723,ナットキングバラード,199707,spotify:track:1RltkY2HWYsjvNBw24FLNm,1
0.175,0.126,10,-21.728,0.0415,0.944,0.82,0.108,0.0326,68.391,White Gloves (Reprise),176707,spotify:track:2tR6AX7kCnmcmXyaLVccoQ,1
0.336,0.222,8,-19.924,0.0336,0.813,0.802,0.137,0.1,65.014,Midnight,183053,spotify:track:1ykfLUULxtgmMOgk3A4yM6,1
0.284,0.146,0,-15.628,0.0355,0.927,0.836,0.11,0.143,95.305,"Tori no Hito - Ending (From ""Kaze no Tani no Naushicaa"")",211413,spotify:track:535Kkqb57SJLNyFdZwefZQ,1
0.413,0.465,2,-4.234,0.0349,0.91,0.0565,0.119,0.701,187.993,人生のメリーゴーランド,174747,spotify:track:6AP96IuujQWf7QfFraG0LH,2
0.526,0.0344,7,-27.855,0.11,0.996,0.924,0.118,0.208,67.101,You're in Love,71800,spotify:track:3Lsdp3mbD27MjxvTeFm0v3,3
0.205,0.138,8,-22.604,0.0389,0.941,0.744,0.0785,0.0356,87.763,a Man,228480,spotify:track:3EnWaXFfODVvdajJ1ITwhf,1
0.347,0.0406,9,-37.544,0.033,0.569,0.03,0.0521,0.066,134.271,Cradle Song,97120,spotify:track:0o2BUXzLorm7OGFJpfXr29,1
0.163,0.269,6,-12.613,0.0394,0.969,0.939,0.117,0.144,83.084,Avatar The Legend of Korra Ending Theme,180088,spotify:track:0vxpS3kow8NBsxLG8rjf0j,1
0.82,0.191,5,-20.587,0.0613,0.974,0.927,0.0804,0.218,143.998,The Path of the Wind,222709,spotify:track:0vTlJdcmz1jOFgfbUtiBku,3
0.48,0.0848,7,-19.501,0.0703,0.989,0.918,0.164,0.116,68.564,KK1PfVer,196120,spotify:track:3chgZjxHggI6ESROW6kiIA,3
0.179,0.421,5,-7.51,0.0347,0.0636,0.752,0.201,0.049,76.853,Fairy Tail Main Theme - Slow ver.,154613,spotify:track:1ADsAp80fs3TVEkRnqfJje,1
0.267,0.222,2,-16.166,0.0335,0.935,0.92,0.32,0.0375,149.585,Ling Ya,199640,spotify:track:7jxI8GVCxsQl2b5MeZkN3z,1
0.454,0.433,7,-11.0,0.0347,0.718,0.0249,0.149,0.444,117.973,Blue Sky(2012 Version),140853,spotify:track:3yDPxHA7yKZA1Wua6VG0lE,2
